"","volatile.acidity","citric.acid","sulphates","alcohol","quality"
"1",0.7,0,0.56,9.4,"normal"
"2",0.88,0,0.68,9.8,"normal"
"3",0.76,0.04,0.65,9.8,"normal"
"4",0.28,0.56,0.58,9.8,"normal"
"5",0.7,0,0.56,9.4,"normal"
"6",0.66,0,0.56,9.4,"normal"
"7",0.6,0.06,0.46,9.4,"normal"
"8",0.65,0,0.47,10,"bueno"
"9",0.58,0.02,0.57,9.5,"bueno"
"10",0.5,0.36,0.8,10.5,"normal"
"11",0.58,0.08,0.54,9.2,"normal"
"12",0.5,0.36,0.8,10.5,"normal"
"13",0.615,0,0.52,9.9,"normal"
"14",0.61,0.29,NA,9.1,NA
"15",0.62,0.18,0.88,9.2,"normal"
"16",0.62,0.19,0.93,9.2,"normal"
"17",0.28,0.56,0.75,10.5,"bueno"
"18",0.56,0.28,1.28,9.3,"normal"
"19",0.59,0.08,0.5,9,"pobre"
"20",0.32,0.51,1.08,9.2,"normal"
"21",0.22,0.48,0.53,9.4,"normal"
"22",0.39,0.31,0.65,9.7,"normal"
"23",0.43,0.21,0.91,9.5,"normal"
"24",0.49,0.11,0.53,9.4,"normal"
"25",0.4,0.14,0.63,9.7,"normal"
"26",0.39,0.16,0.56,9.3,"normal"
"27",0.41,0.24,0.59,9.5,"normal"
"28",0.43,0.21,0.91,9.5,"normal"
"29",0.71,0,0.55,9.4,"normal"
"30",0.645,0,0.59,9.8,"normal"
"31",0.675,0.07,0.54,10.1,"normal"
"32",0.685,0,0.57,10.6,"normal"
"33",0.655,0.12,0.66,9.8,"normal"
"34",0.605,0.12,0.52,9.4,"normal"
"35",0.32,0.25,0.55,9.2,"normal"
"36",0.645,0,0.55,9.6,"normal"
"37",0.6,0.14,0.6,10.8,"normal"
"38",0.38,0.28,0.73,9.7,"bueno"
"39",1.13,0.09,0.48,9.8,"pobre"
"40",0.45,0.36,0.83,10.5,"normal"
"41",0.45,0.36,0.83,10.5,"normal"
"42",0.61,0.3,0.51,9.3,"pobre"
"43",0.49,0.2,0.9,10.5,"normal"
"44",0.66,0.22,1.2,10.3,"normal"
"45",0.67,0.02,0.52,9.5,"normal"
"46",0.52,0.15,0.56,13.1,"pobre"
"47",0.935,0.43,0.73,9.2,"normal"
"48",0.29,0.52,0.58,9.5,"normal"
"49",0.4,0.23,0.56,9.2,"normal"
"50",0.31,0.37,0.58,9.2,"normal"
"51",0.66,0.26,0.74,9.2,"normal"
"52",0.52,0.04,0.63,9.4,"normal"
"53",0.5,0.04,0.64,9.4,"normal"
"54",0.38,0.36,0.56,9.4,"normal"
"55",0.51,0.15,0.63,10.2,"normal"
"56",0.62,0.04,0.53,9.5,"normal"
"57",0.42,0.57,0.63,9.6,"normal"
"58",0.63,0.12,0.77,9.4,"normal"
"59",0.59,0.18,0.59,10,"normal"
"60",0.39,0.31,0.54,9.4,"normal"
"61",0.4,0.4,0.64,9.2,"normal"
"62",0.69,0.49,0.71,9.3,"normal"
"63",0.52,0.16,0.62,9.5,"bueno"
"64",0.735,0.05,0.57,9.8,"normal"
"65",0.725,0.05,0.39,10.9,"normal"
"66",0.725,0.05,0.39,10.9,"normal"
"67",0.52,0.11,0.58,9.6,"normal"
"68",0.705,0.07,0.58,10.7,"normal"
"69",0.32,0.57,0.79,10.7,"normal"
"70",0.705,0.05,0.95,10.5,"normal"
"71",0.63,0.08,0.54,9.5,"normal"
"72",0.67,0.23,0.48,9.5,"normal"
"73",0.69,0.22,0.48,9.5,"normal"
"74",0.675,0.26,0.53,9.2,"pobre"
"75",0.32,0.54,0.82,9.6,"normal"
"76",0.41,0.64,0.66,10.5,"normal"
"77",0.41,0.64,0.66,10.5,"normal"
"78",0.785,0,0.55,10.7,"normal"
"79",0.75,0.12,0.52,10.1,"normal"
"80",0.625,0.2,1.12,9.1,"pobre"
"81",0.45,0.2,0.56,9.2,"normal"
"82",0.43,0.7,1.28,9.4,"normal"
"83",0.5,0.47,0.57,9.1,"normal"
"84",0.67,0.26,1.14,9.4,"normal"
"85",0.3,0.48,0.78,10.3,"normal"
"86",0.55,0.15,0.59,10.1,"normal"
"87",0.49,0.28,NA,9.9,NA
"88",0.49,0.26,0.64,9.6,"normal"
"89",0.39,0.44,1.22,9.5,"normal"
"90",0.62,0.08,0.53,9,"normal"
"91",0.52,0.26,0.54,9.5,"normal"
"92",0.49,0.28,NA,9.9,NA
"93",0.49,0.29,NA,9.8,NA
"94",0.49,0.26,0.64,9.6,"normal"
"95",1.02,0.04,0.48,10.5,"pobre"
"96",0.6,0.17,0.6,12.9,"normal"
"97",0.775,0,0.56,10.7,"normal"
"98",0.5,0.25,0.63,9.2,"normal"
"99",0.9,0.06,0.56,9.8,"normal"
"100",0.545,0.18,0.59,9,"normal"
"101",0.61,0.3,0.61,10.2,"normal"
"102",0.5,0.3,0.56,10.4,"normal"
"103",0.545,0.18,0.59,9,"normal"
"104",0.575,0.22,0.51,9.2,"normal"
"105",0.49,0.24,0.48,9.4,"normal"
"106",0.575,0.22,0.51,9.2,"normal"
"107",0.41,0.68,1.31,9.3,"normal"
"108",0.63,0.31,0.79,9.3,"normal"
"109",0.33,0.53,0.8,9.6,"normal"
"110",0.785,0.52,0.69,9.3,"normal"
"111",0.56,0.19,0.93,9.5,"normal"
"112",0.62,0.09,0.66,9.8,"normal"
"113",0.6,0.1,0.66,9.8,"normal"
"114",0.31,0.44,0.67,9.7,"normal"
"115",0.56,0.19,0.93,9.5,"normal"
"116",0.4,0.31,0.63,10.5,"normal"
"117",0.54,0.28,0.61,10,"normal"
"118",0.56,0.12,0.5,9.4,"normal"
"119",0.55,0.04,0.6,10.9,"normal"
"120",0.69,0.08,0.54,9.2,"normal"
"121",1.07,0.09,0.57,9,"normal"
"122",0.55,0.04,0.6,10.9,"normal"
"123",0.695,0,0.52,9.2,"normal"
"124",0.71,0,0.53,9.5,"normal"
"125",0.5,0.17,0.48,9.5,"normal"
"126",0.62,0.04,0.7,9.4,"normal"
"127",1.33,0,0.49,10.9,"normal"
"128",1.33,0,0.48,10.9,"normal"
"129",0.59,0.16,0.92,10.5,"bueno"
"130",0.38,0.15,0.57,9.4,"normal"
"131",0.745,0.56,0.66,9.4,"normal"
"132",0.5,0.09,0.63,13,"normal"
"133",0.5,0.09,0.63,13,"normal"
"134",0.5,0.01,0.58,9.8,"normal"
"135",1.04,0.05,0.55,9.9,"normal"
"136",0.745,0.11,0.82,9.6,"normal"
"137",0.715,0.15,0.77,9.5,"normal"
"138",0.415,0.36,0.64,9.2,"normal"
"139",0.56,0.19,0.54,9.5,"normal"
"140",0.56,0.19,0.54,9.5,"normal"
"141",0.745,0.11,0.82,9.6,"normal"
"142",0.715,0.15,0.77,9.5,"normal"
"143",0.34,0,0.79,14,"normal"
"144",0.39,0.08,0.58,9.4,"normal"
"145",0.34,0,0.79,14,"normal"
"146",0.67,0.55,0.62,9.4,"normal"
"147",0.68,0.02,0.52,10,"normal"
"148",0.49,0.26,0.8,9.3,"normal"
"149",0.49,0.1,0.58,10.2,"normal"
"150",0.4,0.44,0.61,10.5,"normal"
"151",0.33,0.47,0.53,10.3,"normal"
"152",0.52,1,NA,9.4,NA
"153",0.6,0.03,0.54,10.1,"normal"
"154",0.6,0.03,0.54,10.1,"normal"
"155",0.43,0.42,0.72,10.5,"normal"
"156",0.43,0.42,0.71,10.5,"normal"
"157",0.43,0.42,0.72,10.5,"normal"
"158",0.43,0.42,0.71,10.5,"normal"
"159",0.68,0,0.5,9.3,"normal"
"160",0.6,0.18,0.57,9.3,"normal"
"161",0.95,0.03,0.56,9.6,"normal"
"162",0.68,0.02,1.08,9.2,"pobre"
"163",0.53,0.04,0.56,10,"normal"
"164",0.6,0.26,0.49,9.4,"normal"
"165",0.59,0.26,0.49,9.4,"normal"
"166",0.63,0.48,0.62,9.5,"normal"
"167",0.64,0.1,0.52,10.2,"normal"
"168",0.55,0.03,0.48,9,"pobre"
"169",0.63,0.07,0.55,10.4,"normal"
"170",0.705,0.24,NA,9.5,NA
"171",0.885,0.03,0.33,9.1,"pobre"
"172",0.42,0.17,0.61,9.2,"normal"
"173",0.42,0.17,0.61,9.2,"normal"
"174",0.62,0.05,0.57,11.5,"normal"
"175",0.38,0.21,0.47,9.5,"normal"
"176",0.5,0.04,0.78,9.5,"normal"
"177",0.38,0.21,0.47,9.5,"normal"
"178",0.52,0.42,0.61,10.5,"normal"
"179",0.805,0,0.56,9.6,"normal"
"180",0.61,0.14,0.59,9.5,"normal"
"181",0.61,0.14,0.59,9.5,"normal"
"182",0.61,0.49,1.02,9.3,"normal"
"183",0.73,0.02,0.52,9.3,"normal"
"184",0.61,0.2,0.58,9.3,"normal"
"185",0.62,0.21,0.58,9.3,"normal"
"186",0.31,0.57,0.53,9.7,"normal"
"187",0.39,0.48,0.55,9.2,"normal"
"188",0.705,0.1,0.49,9.7,"normal"
"189",0.5,0.33,0.55,9.5,"normal"
"190",0.49,0.32,0.55,9.5,"normal"
"191",0.5,0.35,0.62,9.4,"normal"
"192",0.37,0.25,0.62,9.8,"normal"
"193",0.63,0.12,0.61,9.5,"normal"
"194",0.55,0.21,0.55,9.7,"normal"
"195",0.55,0.21,0.55,9.7,"normal"
"196",0.59,0.33,0.54,9.4,"normal"
"197",0.58,0.3,0.59,10.2,"normal"
"198",0.3,0.6,0.97,10.1,"normal"
"199",0.835,0.08,0.85,13,"bueno"
"200",1.09,0.06,0.43,11.4,"pobre"
"201",0.32,0.47,0.82,10.3,"bueno"
"202",0.37,0.48,1.03,9.3,"normal"
"203",0.5,0.11,0.79,9.5,"normal"
"204",0.42,0.35,0.55,9.2,"normal"
"205",0.43,0.36,0.56,9.2,"normal"
"206",0.3,0.74,0.77,10.8,"bueno"
"207",0.3,0.74,0.77,10.8,"bueno"
"208",0.57,0.31,0.53,9.3,"normal"
"209",0.44,0.28,0.67,9.4,"normal"
"210",0.3,0.58,0.88,10.5,"bueno"
"211",0.53,0.6,0.86,12.4,"normal"
"212",0.725,0.24,0.56,10,"normal"
"213",0.44,0.64,0.67,10.2,"normal"
"214",0.57,0.26,0.43,10.1,"normal"
"215",0.735,0.08,0.71,9.8,"normal"
"216",0.49,0.49,0.76,10.5,"normal"
"217",0.625,0.16,0.57,11,"normal"
"218",0.725,0.22,0.55,9.1,"normal"
"219",0.49,0.19,0.54,9.7,"normal"
"220",0.53,0.33,0.6,9.5,"normal"
"221",0.34,0.37,0.59,9.4,"normal"
"222",0.53,0.26,0.57,9.4,"normal"
"223",0.61,0.04,0.6,9.5,"normal"
"224",0.645,0.25,0.6,10,"normal"
"225",0.635,0.36,0.57,10.4,"pobre"
"226",0.43,0.25,0.58,10.5,"normal"
"227",0.59,0.5,NA,9.5,NA
"228",0.82,0.14,0.63,9.8,"normal"
"229",0.43,0.25,0.58,10.5,"normal"
"230",0.52,0.25,0.5,11,"normal"
"231",0.48,0.04,0.62,12.2,"bueno"
"232",0.38,0.06,0.52,9.9,"normal"
"233",0.37,0.2,0.7,9.6,"normal"
"234",0.52,0.25,0.5,11,"normal"
"235",1,0.09,0.55,9,"normal"
"236",0.63,0,0.58,9,"normal"
"237",0.63,0,0.58,9,"normal"
"238",0.645,0,0.58,9.2,"normal"
"239",0.63,0,0.58,9,"normal"
"240",1,0.09,0.55,9,"normal"
"241",0.635,0.37,1.09,9.3,"normal"
"242",0.38,0.56,0.71,10.9,"normal"
"243",0.58,0.1,0.49,9.8,"normal"
"244",0.21,0.44,0.84,9.2,"bueno"
"245",0.21,0.44,0.84,9.2,"bueno"
"246",0.66,0,0.96,9.9,"normal"
"247",0.68,0.07,0.52,9.5,"normal"
"248",0.6,0.17,0.45,9.3,"normal"
"249",0.53,0.06,0.48,9.8,"normal"
"250",0.66,0,0.96,9.9,"normal"
"251",0.32,0.44,0.78,10,"normal"
"252",0.6,0,0.7,9.9,"normal"
"253",0.35,0.48,0.53,10.5,"normal"
"254",0.775,0.42,0.59,9.5,"normal"
"255",0.6,0,0.7,9.9,"normal"
"256",0.57,0.23,0.57,9.3,"normal"
"257",0.34,0.37,0.62,9.2,"normal"
"258",0.695,0,0.67,9.2,"normal"
"259",0.41,0.76,1.26,9.4,"normal"
"260",0.31,0.47,0.8,10.5,"bueno"
"261",0.33,0.23,0.65,9.3,"normal"
"262",0.975,0.04,0.6,9.4,"pobre"
"263",0.52,0.03,0.57,10,"normal"
"264",0.37,0.23,0.67,9.3,"normal"
"265",0.56,0.49,0.87,10.9,"normal"
"266",0.26,0.52,0.72,10.2,"bueno"
"267",0.87,0,0.72,9.8,"pobre"
"268",0.35,0.46,0.86,12.8,"bueno"
"269",0.54,0.04,0.91,9.4,"normal"
"270",0.18,0.51,0.97,10.1,"normal"
"271",0.545,0.06,0.67,10.7,"normal"
"272",0.18,0.51,0.97,10.1,"normal"
"273",0.37,0.58,0.78,10.1,"normal"
"274",0.715,0.2,0.64,9.4,"normal"
"275",0.65,0.18,0.77,9.4,"normal"
"276",0.545,0.06,0.67,10.7,"normal"
"277",0.54,0.04,0.91,9.4,"normal"
"278",0.18,0.51,0.97,10.1,"normal"
"279",0.32,0.45,0.82,12.6,"bueno"
"280",0.4,0.32,0.77,10.5,"bueno"
"281",0.26,0.44,0.82,9.3,"normal"
"282",0.27,0.68,1.08,9.9,"bueno"
"283",0.52,0.12,0.57,9.1,"normal"
"284",0.4,0.32,0.77,10.5,"bueno"
"285",0.59,0.07,0.71,9.8,"normal"
"286",0.59,0.07,0.71,9.8,"normal"
"287",0.45,0.55,0.76,10.3,"normal"
"288",0.4,0.12,0.7,10.3,"normal"
"289",0.52,0.09,0.86,10.6,"bueno"
"290",0.42,0.53,0.95,9.2,"normal"
"291",0.52,0.09,0.86,10.6,"bueno"
"292",0.2,0.48,0.71,10.5,"normal"
"293",0.55,0.23,0.64,10.3,"normal"
"294",0.36,0.25,0.6,10.1,"normal"
"295",0.34,0.52,0.81,9.5,"normal"
"296",0.5,0.46,0.64,9.5,"normal"
"297",0.83,0.37,0.52,9.9,"normal"
"298",0.63,0.06,0.73,9.6,"normal"
"299",0.65,0.02,0.8,9.7,"normal"
"300",0.67,0.06,0.71,9.6,"normal"
"301",0.53,0.06,0.59,10.7,"normal"
"302",0.18,0.48,0.64,10.1,"normal"
"303",0.705,0.12,0.72,10,"normal"
"304",0.67,0.12,0.54,9.5,"normal"
"305",0.65,0.6,0.52,9.2,"normal"
"306",0.53,0.48,0.59,9.3,"normal"
"307",0.62,0.32,0.52,9.4,"normal"
"308",0.41,0.42,0.62,9.5,"normal"
"309",0.43,0.44,0.63,9.5,"normal"
"310",0.29,0.38,0.53,9.5,"normal"
"311",0.53,0.48,0.59,9.3,"normal"
"312",0.53,0.24,0.54,9.4,"normal"
"313",0.46,0.31,0.63,9.5,"normal"
"314",0.47,0.3,0.53,9.4,"normal"
"315",0.36,0.29,0.68,11,"normal"
"316",0.35,0.29,0.65,11,"normal"
"317",0.56,0.23,0.65,10.1,"normal"
"318",0.77,0.12,0.64,10.4,"normal"
"319",0.66,0.39,0.71,11.5,"bueno"
"320",0.77,0.12,0.64,10.4,"normal"
"321",0.66,0.39,0.71,11.5,"bueno"
"322",0.61,0.26,0.62,9.7,"normal"
"323",0.62,0.05,0.63,9.3,"normal"
"324",0.59,0.42,0.7,9.5,"normal"
"325",0.49,0.2,0.69,9.2,"normal"
"326",0.49,0.2,0.69,9.2,"normal"
"327",0.53,0.66,0.74,11.5,"bueno"
"328",0.44,0.5,0.83,11.5,"normal"
"329",0.27,0.62,0.67,9.7,"normal"
"330",0.46,0.39,0.62,9.5,"normal"
"331",0.36,0.64,0.66,12.5,"normal"
"332",0.36,0.64,0.66,12.5,"normal"
"333",0.58,0.28,0.54,9.4,"normal"
"334",0.56,0.08,0.52,11,"normal"
"335",0.65,0.01,0.74,11.7,"bueno"
"336",0.695,0.53,0.84,12.2,"bueno"
"337",0.43,0.45,0.7,12.5,"normal"
"338",0.43,0.32,0.64,10.3,"normal"
"339",0.49,0.58,1,11.5,"normal"
"340",0.28,0.54,1.36,9.8,"bueno"
"341",0.34,0.5,1.18,9.2,"normal"
"342",0.42,0.48,0.87,11.3,"normal"
"343",0.39,0.47,0.75,9.8,"normal"
"344",0.39,0.47,0.75,9.8,"normal"
"345",0.57,0.5,0.78,10.7,"normal"
"346",0.685,0,0.81,9.9,"normal"
"347",0.815,0.02,0.89,12.3,"bueno"
"348",0.49,0.67,0.93,12,"normal"
"349",0.56,0.31,0.92,10,"normal"
"350",0.785,0,0.86,9.4,"normal"
"351",0.67,0.22,0.98,9.9,"normal"
"352",0.795,0,0.83,9.4,"normal"
"353",0.665,0,0.73,9.3,"normal"
"354",0.53,0.79,0.77,13,"normal"
"355",0.21,0.4,0.59,11.9,"normal"
"356",0.75,0.01,0.61,12.8,"normal"
"357",0.41,0.52,0.88,11,"normal"
"358",0.42,0.66,0.75,11.7,"bueno"
"359",0.43,0.66,0.85,10.4,"bueno"
"360",0.38,0.66,0.68,9.8,"normal"
"361",0.7,0.23,0.7,9.4,"normal"
"362",0.45,0.31,0.91,9.9,"normal"
"363",0.58,0.66,0.56,10,"normal"
"364",0.46,0.63,0.87,10.2,"normal"
"365",0.615,0.66,0.73,10,"bueno"
"366",0.42,0.5,0.93,11.8,"normal"
"367",0.615,0.66,0.73,10,"bueno"
"368",0.575,0.61,0.69,9,"normal"
"369",0.34,0.52,0.64,9.4,"normal"
"370",0.27,0.53,1.13,12,"bueno"
"371",0.765,0.02,0.78,9.9,"normal"
"372",0.24,0.4,0.87,8.7,"normal"
"373",0.28,0.48,1.04,10.6,"normal"
"374",0.55,0.22,0.63,9.2,"normal"
"375",0.41,0.63,0.81,10.8,"normal"
"376",0.54,0.71,0.83,11.8,"bueno"
"377",0.45,0.5,1.11,11,"normal"
"378",0.27,0.53,1.13,12,"bueno"
"379",0.625,0.66,0.99,13.3,"normal"
"380",0.42,0.38,0.7,10.8,"normal"
"381",0.26,0.42,0.8,9.4,"normal"
"382",0.415,0.68,0.8,10,"normal"
"383",0.26,0.42,0.8,9.4,"normal"
"384",0.26,0.42,0.8,9.4,"normal"
"385",0.51,0.28,0.74,9.2,"normal"
"386",0.63,0.07,0.76,9.7,"normal"
"387",0.54,0.26,0.74,9.2,"normal"
"388",0.66,0.15,0.54,9.6,"normal"
"389",0.46,0.26,0.74,9.2,"normal"
"390",0.38,0.31,0.7,10,"bueno"
"391",0.85,0.05,0.82,12.9,"bueno"
"392",0.415,0.68,0.8,10,"normal"
"393",0.37,0.52,0.51,9.5,"normal"
"394",0.665,0.61,0.54,9.1,"normal"
"395",0.6,0.65,0.57,9.9,"normal"
"396",0.37,0.76,0.6,13,"bueno"
"397",0.735,0.02,0.53,9.9,"normal"
"398",0.59,0.59,0.65,11,"normal"
"399",0.59,0.59,0.65,11,"normal"
"400",0.765,0.22,0.55,9.4,"normal"
"401",0.735,0.02,0.53,9.9,"normal"
"402",0.26,0.3,0.47,10.8,"normal"
"403",0.48,0.54,0.61,10.5,"normal"
"404",0.6,0.49,0.63,10.5,"normal"
"405",0.69,0.05,0.61,9.1,"normal"
"406",0.31,0.46,0.76,10.1,"normal"
"407",0.44,0.47,0.65,10.8,"normal"
"408",0.39,0.66,0.63,10.8,"bueno"
"409",0.34,0.58,0.7,11.3,"normal"
"410",0.46,0.49,0.57,9.6,"pobre"
"411",0.43,0.34,0.62,9.5,"normal"
"412",0.45,0.35,0.62,9.5,"normal"
"413",0.735,0.16,0.64,9.3,"normal"
"414",0.4,0.53,0.82,11.7,"bueno"
"415",0.52,0.34,0.61,9.5,"normal"
"416",0.725,0.24,1.07,9.3,"normal"
"417",0.48,0.64,0.66,11.7,"normal"
"418",0.58,0.12,0.48,10.5,"normal"
"419",0.38,0.51,0.76,10.4,"normal"
"420",0.77,0,0.68,9.9,"normal"
"421",0.56,0.33,0.73,11.8,"bueno"
"422",0.84,0.03,0.56,12.3,"bueno"
"423",0.96,0.2,0.44,10.9,"normal"
"424",0.24,0.47,0.9,11,"bueno"
"425",0.96,0.2,0.44,10.9,"normal"
"426",0.84,0.03,0.56,12.3,"bueno"
"427",0.67,0.08,0.49,11.4,"normal"
"428",0.78,0.22,0.56,10.6,"normal"
"429",0.52,0.33,0.6,9.3,"normal"
"430",0.84,0.63,0.6,10.4,"normal"
"431",0.24,0.47,0.9,11,"bueno"
"432",0.55,0.35,0.56,9.2,"normal"
"433",0.37,0.69,0.65,12.8,"normal"
"434",0.39,0.63,0.49,9.5,"normal"
"435",0.41,0.55,0.89,9.9,"normal"
"436",0.39,0.63,0.49,9.5,"normal"
"437",0.67,0.3,0.56,10.2,"normal"
"438",0.45,0.73,0.66,11.2,"normal"
"439",0.41,0.55,0.89,9.9,"normal"
"440",0.62,0.18,0.6,9.3,"normal"
"441",0.31,0.72,0.82,9.8,"bueno"
"442",0.4,0.65,0.68,11.3,"normal"
"443",0.685,0.76,0.68,11.2,"bueno"
"444",0.44,0.49,0.63,11.6,"bueno"
"445",0.57,0.01,0.84,12.5,"bueno"
"446",0.735,0.1,0.56,10.1,"normal"
"447",0.38,0.6,0.73,10.5,"normal"
"448",0.48,0.29,0.72,11.2,"normal"
"449",0.53,0.22,0.56,10.2,"normal"
"450",0.39,0.69,0.61,10.8,"normal"
"451",0.39,0.69,0.61,10.8,"normal"
"452",0.37,0.53,1.06,9.1,"normal"
"453",0.56,0.03,0.63,10,"normal"
"454",0.33,0.63,0.74,11.2,"bueno"
"455",0.23,0.4,0.63,11.1,"normal"
"456",0.62,0.67,0.69,13.4,"bueno"
"457",0.59,0.39,0.58,10.3,"normal"
"458",0.63,0.21,0.58,9.6,"normal"
"459",0.33,0.63,0.74,11.2,"bueno"
"460",0.58,0.66,0.57,9,"pobre"
"461",0.43,0.52,0.61,11.3,"normal"
"462",0.615,0.22,0.61,9.3,"normal"
"463",0.26,0.68,0.61,11.8,"normal"
"464",0.66,0.7,0.53,9,"normal"
"465",0.315,0.54,0.7,9.2,"normal"
"466",0.29,0.4,0.91,9.7,"normal"
"467",0.5,0.42,0.72,11.5,"normal"
"468",0.46,0.45,0.79,14,"normal"
"469",0.36,0.69,0.62,9.2,"normal"
"470",0.82,0.02,0.58,9.8,"normal"
"471",0.32,0.65,0.61,10.6,"normal"
"472",0.54,0.42,0.71,11.4,"normal"
"473",0.37,0.55,0.82,10.4,"normal"
"474",0.35,0.55,0.79,10.6,"normal"
"475",0.28,0.51,0.89,9.4,"normal"
"476",0.68,0.24,0.6,10.2,"normal"
"477",0.27,0.41,0.7,9.7,"normal"
"478",0.24,0.49,1.06,11,"normal"
"479",0.68,0.24,0.6,10.2,"normal"
"480",0.685,0.11,0.7,10.1,"normal"
"481",0.28,0.39,0.66,9.2,"normal"
"482",0.3,0.56,0.92,11.7,"bueno"
"483",0.36,0.59,1.05,9.4,"normal"
"484",0.36,0.6,1.06,9.4,"normal"
"485",0.44,0.68,0.66,13.4,"normal"
"486",0.67,0.39,0.47,10,"normal"
"487",0.67,0.39,0.47,10,"normal"
"488",0.645,0.36,0.42,10,"normal"
"489",0.32,0.55,0.92,10.8,"bueno"
"490",0.39,0.4,0.75,10.2,"normal"
"491",0.775,0.27,0.67,10.6,"normal"
"492",0.41,0.5,0.79,13.3,"bueno"
"493",0.4,0.51,0.9,13.4,"bueno"
"494",0.69,0.31,0.74,11.6,"normal"
"495",0.39,0.23,0.55,12.1,"normal"
"496",0.35,0.53,0.65,11,"bueno"
"497",0.52,0.25,0.65,9,"normal"
"498",0.34,0.32,0.79,11.1,"normal"
"499",0.35,0.53,0.65,11,"bueno"
"500",0.69,0.31,0.74,11.6,"normal"
"501",0.52,0.25,0.65,9,"normal"
"502",0.44,0.73,0.85,12,"bueno"
"503",0.44,0.73,0.85,12,"bueno"
"504",0.26,0.47,1.04,10.9,"bueno"
"505",0.24,0.42,1.05,10.8,"bueno"
"506",0.49,0.63,0.78,12.5,"bueno"
"507",0.24,0.46,1.02,10.8,"bueno"
"508",0.67,0.55,0.71,9.5,"normal"
"509",0.59,0.31,0.63,10.2,"normal"
"510",0.29,0.75,0.68,11.4,"bueno"
"511",0.42,0.49,0.61,9.5,"normal"
"512",0.59,0.31,0.63,10.2,"normal"
"513",0.4,0.48,0.81,9.7,"normal"
"514",0.51,0.64,0.66,11.8,"bueno"
"515",0.51,0.64,0.66,11.8,"bueno"
"516",0.655,0.49,1.14,9.3,"normal"
"517",0.6,0.49,0.74,11.9,"normal"
"518",0.61,0.49,0.63,8.4,"pobre"
"519",0.21,0.49,0.68,11.7,"normal"
"520",0.365,0.49,0.78,11,"normal"
"521",0.25,0.49,0.9,10,"normal"
"522",0.41,0.49,0.64,9.1,"normal"
"523",0.39,0.49,0.99,9.8,"normal"
"524",0.4,0.49,0.55,9.4,"normal"
"525",0.43,0.49,0.64,9.5,"normal"
"526",0.64,0.24,0.67,9.9,"normal"
"527",0.365,0.49,0.78,11,"normal"
"528",0.38,0.49,0.77,11.4,"normal"
"529",0.42,0.49,0.75,8.7,"normal"
"530",0.63,0.24,0.57,9.4,"normal"
"531",0.22,0.24,0.87,10.3,"normal"
"532",0.38,0.49,0.61,10.3,"normal"
"533",0.38,0.49,0.61,10.3,"normal"
"534",0.27,0.24,0.66,12.8,"normal"
"535",0.48,0.24,0.56,10,"normal"
"536",0.22,0.24,0.87,10.3,"normal"
"537",0.63,0.24,0.57,9.4,"normal"
"538",0.825,0.24,0.77,10.7,"normal"
"539",0.35,0.49,0.66,12,"bueno"
"540",0.5,0.74,0.62,11.2,"normal"
"541",0.59,0.24,0.67,9.6,"normal"
"542",0.46,0.49,0.73,11,"normal"
"543",0.715,0.24,0.59,9.9,"normal"
"544",0.66,0.24,0.72,11,"normal"
"545",0.31,0.74,0.79,8.4,"normal"
"546",0.47,0.49,0.59,9.1,"normal"
"547",0.55,0.24,0.78,9.5,"normal"
"548",0.31,0.49,0.86,10.7,"normal"
"549",0.35,0.49,0.75,10.4,"normal"
"550",0.53,0.49,0.61,9.4,"normal"
"551",0.51,0.01,0.56,9.5,"normal"
"552",0.43,0.24,0.73,10,"normal"
"553",0.46,0.24,0.74,10,"normal"
"554",1.04,0.24,0.62,11.5,"normal"
"555",0.645,0.49,0.74,11.1,"normal"
"556",0.645,0.49,0.74,11.1,"normal"
"557",0.53,0.49,0.56,11.7,"normal"
"558",0.645,0.49,0.74,11.1,"normal"
"559",0.53,0.49,0.56,11.7,"normal"
"560",0.47,0.49,0.68,12.7,"normal"
"561",0.6,0.49,0.57,11.4,"normal"
"562",0.44,0.49,0.58,9.2,"normal"
"563",0.54,0.49,0.61,9.2,"normal"
"564",0.29,0.49,0.61,10.1,"normal"
"565",0.47,0.49,0.68,12.7,"normal"
"566",0.6,0.49,0.57,11.4,"normal"
"567",0.7,0.24,0.6,9,"normal"
"568",0.7,0.24,0.6,9,"normal"
"569",0.5,0.49,0.79,10.7,"normal"
"570",0.36,0.24,0.57,11.7,"normal"
"571",0.35,0.49,0.91,11,"normal"
"572",0.36,0.24,0.57,11.7,"normal"
"573",0.24,0.49,0.61,10.4,"normal"
"574",0.59,0.49,0.56,9.6,"pobre"
"575",0.34,0.49,0.7,10,"normal"
"576",0.27,0.49,0.8,10.2,"normal"
"577",0.5,0.24,0.52,10,"pobre"
"578",0.44,0.49,0.6,9.5,"normal"
"579",0.47,0.49,0.6,9.8,"normal"
"580",0.31,0.49,0.51,9.8,"normal"
"581",0.5,0.49,0.44,9.6,"normal"
"582",0.5,0.49,0.44,9.6,"normal"
"583",0.49,0.49,0.43,9.2,"normal"
"584",0.28,0.49,0.66,9.9,"bueno"
"585",0.33,0.49,0.76,10.7,"bueno"
"586",0.51,0.24,0.66,9.6,"normal"
"587",0.31,0.49,1.02,10.6,"bueno"
"588",0.73,0.24,0.59,9.3,"normal"
"589",0.42,0.24,0.74,14,"bueno"
"590",0.29,0.49,0.74,10.5,"bueno"
"591",0.45,0.49,0.57,9.7,"normal"
"592",0.39,0.49,0.5,11.5,"normal"
"593",0.45,0.49,0.57,9.7,"normal"
"594",0.49,0.58,0.58,9,"normal"
"595",0.72,0.17,0.53,9.5,"normal"
"596",0.595,0.41,0.57,9.3,"normal"
"597",0.4,0.51,0.6,9.3,"normal"
"598",0.58,0.58,0.63,10,"normal"
"599",0.585,0.18,0.48,9.8,"normal"
"600",0.59,0.45,0.7,9.3,"normal"
"601",0.915,0.27,0.47,10,"pobre"
"602",0.46,0.52,0.56,9,"normal"
"603",0.835,0,0.52,9.3,"normal"
"604",0.46,0.52,0.56,9,"normal"
"605",0.58,0.13,0.62,9.1,"normal"
"606",0.6,0.13,0.59,9.2,"normal"
"607",0.41,0.48,0.79,12.2,"bueno"
"608",0.48,0.41,0.53,10.5,"normal"
"609",0.65,0.37,0.64,10.4,"normal"
"610",0.36,0.19,0.52,12.7,"normal"
"611",0.24,0.54,0.54,9.2,"normal"
"612",0.38,0.55,0.54,9.4,"normal"
"613",0.64,0,0.6,10,"normal"
"614",0.39,0.38,0.74,9.8,"normal"
"615",0.755,0.18,1.36,10.2,"normal"
"616",0.6,0.5,0.57,9.7,"normal"
"617",0.6,0.5,0.57,9.7,"normal"
"618",0.31,0.51,0.93,9.8,"normal"
"619",0.46,0.5,0.7,10.2,"normal"
"620",0.37,0.41,0.8,9.3,"normal"
"621",0.54,0.24,0.61,9.4,"normal"
"622",0.56,0.23,0.62,9.4,"normal"
"623",0.58,0.22,0.55,9.5,"normal"
"624",0.51,0.25,0.96,12.1,"normal"
"625",0.69,0,0.72,10.2,"normal"
"626",0.69,0,0.72,10.2,"normal"
"627",0.6,0.29,0.49,9.1,"normal"
"628",0.6,0.29,0.49,9.1,"normal"
"629",0.54,0.26,0.6,9.3,"normal"
"630",0.685,0.23,0.61,9.3,"normal"
"631",0.54,0.26,0.6,9.3,"normal"
"632",0.28,0.54,0.63,9.5,"normal"
"633",0.41,0.14,0.57,10.5,"normal"
"634",0.935,0.22,0.64,11.3,"pobre"
"635",0.35,0.21,0.58,9.5,"normal"
"636",0.84,0,0.55,9.7,"normal"
"637",0.88,0.28,0.53,9.4,"normal"
"638",0.885,0.27,0.53,9.4,"normal"
"639",0.915,0.12,0.65,10.2,"bueno"
"640",0.29,0.35,1.36,10.3,"normal"
"641",0.54,0.45,0.62,9.4,"normal"
"642",0.59,0.44,0.63,9.5,"normal"
"643",0.54,0.45,0.62,9.4,"normal"
"644",0.59,0.44,0.63,9.5,"normal"
"645",0.54,0.45,0.62,9.4,"normal"
"646",0.64,0.1,0.69,10.1,"bueno"
"647",0.67,0.05,0.63,10.1,"normal"
"648",0.845,0.01,0.58,11,"pobre"
"649",0.48,0.3,0.67,11.2,"bueno"
"650",0.42,0.27,0.57,11.3,"normal"
"651",0.43,0.39,0.5,9.6,"normal"
"652",0.88,0.25,0.67,11.2,"normal"
"653",0.36,0.65,0.84,14.9,"normal"
"654",0.33,0.59,0.54,12,"normal"
"655",0.47,0.47,0.46,9.5,"normal"
"656",0.55,0.17,0.61,9.4,"normal"
"657",0.43,0.39,0.5,9.6,"normal"
"658",0.5,0.59,0.68,10.5,"bueno"
"659",0.52,0.07,0.81,9.6,"normal"
"660",0.84,0.02,0.57,11,"pobre"
"661",0.52,0.07,0.81,9.6,"normal"
"662",0.42,0.31,0.64,9,"normal"
"663",0.57,0.06,0.7,9.6,"normal"
"664",0.28,0.46,0.79,10.2,"normal"
"665",0.4,0.52,0.66,10.2,"normal"
"666",0.59,0.14,0.56,9.7,"normal"
"667",0.49,0.36,0.6,9.5,"normal"
"668",0.34,0.45,0.66,9.2,"normal"
"669",0.73,0.43,0.57,11,"normal"
"670",0.34,0.45,0.66,9.2,"normal"
"671",0.4,0.24,0.58,10,"normal"
"672",0.73,0.21,0.52,9.5,"normal"
"673",1.24,0.34,0.53,9.5,"normal"
"674",0.73,0.21,0.52,9.5,"normal"
"675",0.4,0.41,0.67,9.3,"normal"
"676",0.41,0.39,0.65,10.2,"normal"
"677",0.4,0.41,0.67,9.3,"normal"
"678",0.8,0.11,0.48,9.9,"normal"
"679",0.78,0.1,0.53,10,"normal"
"680",0.26,0.45,0.54,9.6,"normal"
"681",0.43,0.58,0.49,9,"normal"
"682",0.45,0.23,0.49,10.2,"normal"
"683",0.46,0.31,0.54,9.8,"normal"
"684",0.78,0.23,0.56,11.3,"normal"
"685",0.98,0.32,0.48,9.4,"normal"
"686",0.78,0.23,0.56,11.3,"normal"
"687",0.65,0.18,0.6,9.1,"normal"
"688",0.64,0.23,0.59,9.7,"normal"
"689",0.66,0.04,0.47,9.4,"normal"
"690",0.38,0.48,1.05,9.4,"normal"
"691",1.185,0,0.54,10.7,"pobre"
"692",0.92,0.24,0.54,9.8,"normal"
"693",0.49,0.51,1.17,9,"normal"
"694",0.48,0.32,0.62,9.4,"normal"
"695",0.47,0.31,0.61,9.4,"normal"
"696",0.47,0.02,0.62,12.8,"normal"
"697",0.65,0.02,0.67,9.5,"normal"
"698",0.65,0.02,0.67,9.5,"normal"
"699",0.615,0.28,0.53,9.7,"normal"
"700",0.38,0.55,0.62,10.8,"normal"
"701",1.02,0.43,0.57,10.1,"normal"
"702",0.65,0.02,0.67,9.5,"normal"
"703",0.64,0.02,0.67,9.4,"normal"
"704",0.38,0.48,0.7,9.6,"pobre"
"705",0.765,0.04,0.54,9.7,"pobre"
"706",1.035,0.15,0.49,9.9,"normal"
"707",0.78,0.08,0.47,10,"normal"
"708",0.49,0.19,0.51,10.5,"normal"
"709",0.545,0.12,0.61,11.6,"normal"
"710",0.31,0.47,0.66,10,"normal"
"711",1.025,0.43,0.57,10.1,"normal"
"712",0.565,0.34,0.61,9.5,"normal"
"713",0.69,0,0.45,9.4,"normal"
"714",0.43,0.36,0.46,9.4,"normal"
"715",0.74,0.28,0.51,9.8,"normal"
"716",0.49,0.18,0.48,9.2,"normal"
"717",0.43,0.36,0.46,9.4,"normal"
"718",0.46,0.11,0.57,10,"normal"
"719",0.56,0.04,0.44,9.6,"normal"
"720",0.66,0,0.54,9.5,"normal"
"721",0.56,0.04,0.44,9.6,"normal"
"722",0.48,0.24,0.53,9.2,"normal"
"723",0.42,0.08,0.59,10,"normal"
"724",0.31,0.3,NA,9.5,NA
"725",1.115,0.1,0.6,11.2,"pobre"
"726",0.66,0.17,0.55,10.4,"normal"
"727",0.72,0.09,0.72,11.1,"normal"
"728",0.57,0.02,0.68,9.5,"normal"
"729",0.57,0.02,0.68,9.5,"normal"
"730",0.865,0.03,0.49,12.7,"normal"
"731",0.55,0.66,0.67,9.6,"normal"
"732",0.875,0.13,0.52,11.5,"normal"
"733",0.835,0.03,0.47,9.6,"normal"
"734",0.45,0.34,0.6,9.5,"normal"
"735",0.56,0.2,0.62,9.3,"normal"
"736",0.965,0.1,0.5,9.5,"normal"
"737",0.965,0.1,0.5,9.5,"normal"
"738",0.59,0,0.65,9.3,"normal"
"739",0.46,0.23,0.56,9.2,"normal"
"740",0.69,0,0.6,9.3,"normal"
"741",0.76,0.29,0.68,11.5,"normal"
"742",0.53,0.24,0.57,9.5,"normal"
"743",0.615,0,0.65,9.2,"normal"
"744",0.41,0.58,0.53,10,"normal"
"745",0.39,0.54,0.51,9.5,"normal"
"746",0.51,0.18,0.73,9.5,"normal"
"747",0.34,0.38,0.47,9,"normal"
"748",0.33,0.4,0.48,9.4,"normal"
"749",0.5,0.18,0.72,9.6,"normal"
"750",0.51,0.18,0.73,9.5,"normal"
"751",0.65,0.1,0.55,9.5,"normal"
"752",0.65,0.1,0.55,9.5,"normal"
"753",0.54,0.13,0.61,9.4,"normal"
"754",0.65,0.1,0.55,9.5,"normal"
"755",0.48,0.68,1.06,9.1,"normal"
"756",0.91,0.07,0.43,10.7,"normal"
"757",0.98,0.01,0.46,11.2,"normal"
"758",0.87,0,0.5,9.8,"normal"
"759",0.87,0,0.5,9.8,"normal"
"760",0.42,0.21,0.52,9.2,"normal"
"761",0.58,0.25,0.57,9.7,"normal"
"762",0.655,0.26,0.42,9.6,"normal"
"763",0.7,0,0.53,10,"normal"
"764",0.655,0.26,0.42,9.6,"normal"
"765",0.68,0.11,0.55,9.5,"normal"
"766",0.67,0.1,0.54,9.5,"normal"
"767",0.59,0.18,0.54,9.4,"normal"
"768",0.6,0.32,0.62,9.5,"normal"
"769",0.59,0.02,0.53,9.7,"normal"
"770",0.72,0.01,0.54,9.6,"normal"
"771",0.59,0.02,0.53,9.7,"normal"
"772",0.685,0.26,0.55,9.4,"normal"
"773",0.57,0.27,0.55,9.4,"normal"
"774",0.4,0.29,0.92,9.5,"normal"
"775",0.4,0.3,0.91,9.5,"normal"
"776",1,0,0.46,10,"normal"
"777",0.765,0.18,0.6,10.3,"normal"
"778",0.635,0.17,0.59,10.3,"normal"
"779",0.43,0.3,0.61,10.5,"normal"
"780",0.52,0.03,0.6,9.8,"normal"
"781",0.57,0,0.6,9.4,"normal"
"782",0.46,0.14,0.65,9.8,"normal"
"783",0.82,0.05,0.53,10,"normal"
"784",0.46,0.14,0.65,9.8,"normal"
"785",0.59,0.01,0.59,9.8,"normal"
"786",0.35,0.41,0.5,9.5,"normal"
"787",0.35,0.41,0.5,9.5,"normal"
"788",0.56,0.24,0.56,10.1,"normal"
"789",0.56,0.24,0.56,10.1,"normal"
"790",0.63,0.17,0.52,9.3,"normal"
"791",0.37,0.43,0.68,9.7,"normal"
"792",0.64,0.17,0.54,9.6,"normal"
"793",0.61,0.02,0.6,9.7,"normal"
"794",0.6,0,0.56,10.8,"normal"
"795",0.27,0.54,0.53,12.5,"normal"
"796",0.89,0.3,1.18,10.2,"normal"
"797",0.46,0.31,0.74,9.6,"normal"
"798",0.37,0.44,0.81,10.8,"bueno"
"799",0.5,0.34,0.52,10.7,"normal"
"800",0.5,0.34,0.52,10.7,"normal"
"801",0.61,0.08,0.51,9.4,"normal"
"802",0.55,0.09,0.44,10,"normal"
"803",0.585,0,0.94,12.9,"bueno"
"804",0.56,0.08,0.66,9.6,"normal"
"805",0.52,0.22,0.57,9.9,"normal"
"806",0.28,0.4,0.7,12.8,"bueno"
"807",0.25,0.39,0.71,12.5,"bueno"
"808",0.28,0.4,0.7,12.8,"bueno"
"809",0.53,0.12,0.86,9.2,"normal"
"810",0.48,0.31,0.55,10.3,"normal"
"811",0.49,0.1,0.47,10.5,"normal"
"812",0.5,0.55,0.68,10.9,"normal"
"813",0.45,0.33,0.71,10.8,"normal"
"814",0.39,0.24,0.58,11.4,"pobre"
"815",0.41,0.54,0.76,11.3,"normal"
"816",0.45,0.33,0.71,10.8,"normal"
"817",0.51,0.19,0.58,10.5,"normal"
"818",0.29,0.42,0.73,11.9,"normal"
"819",0.715,0,0.45,9.4,"normal"
"820",0.66,0.15,0.54,9.6,"normal"
"821",0.685,0,0.6,9.7,"normal"
"822",0.42,0,0.74,14,"bueno"
"823",0.54,0.13,0.64,9.8,"normal"
"824",0.54,0.13,0.64,9.8,"normal"
"825",0.48,0.28,0.53,10.3,"normal"
"826",0.46,0.14,0.49,10.7,"normal"
"827",0.27,0.34,0.64,11,"bueno"
"828",0.46,0.14,0.49,10.7,"normal"
"829",0.57,0.09,0.74,12.7,"bueno"
"830",0.61,0.08,0.77,11.1,"normal"
"831",0.685,0.07,0.55,10.9,"pobre"
"832",0.61,0.08,0.77,11.1,"normal"
"833",0.44,0.42,0.86,9.9,"pobre"
"834",0.47,0.44,0.86,9.9,"pobre"
"835",0.685,0.26,0.47,9.4,"normal"
"836",0.665,0.1,0.51,9.3,"normal"
"837",0.28,0.28,0.39,11.7,"bueno"
"838",0.28,0.28,0.39,11.7,"bueno"
"839",0.31,0.35,0.83,11.2,"bueno"
"840",0.5,0.04,0.47,10,"normal"
"841",0.42,0.47,0.77,12.1,"bueno"
"842",0.66,0,0.63,10.3,"normal"
"843",0.5,0.45,0.72,10.9,"normal"
"844",0.685,0.35,0.62,9.4,"normal"
"845",0.25,0.46,0.83,10.6,"normal"
"846",0.64,0.21,0.66,9.8,"normal"
"847",0.64,0.21,0.66,9.8,"normal"
"848",0.68,0.16,0.7,9.9,"normal"
"849",0.64,0.21,0.66,9.8,"normal"
"850",0.63,0.21,0.66,9.8,"normal"
"851",0.43,0.44,0.55,9.5,"normal"
"852",0.43,0.44,0.55,9.5,"normal"
"853",0.42,0.32,1.07,9.7,"normal"
"854",0.36,0.39,0.73,10.9,"normal"
"855",0.36,0.39,0.73,10.9,"normal"
"856",0.735,0.02,0.71,11.7,"bueno"
"857",0.36,0.39,0.73,10.9,"normal"
"858",0.26,0.34,0.78,11.3,"bueno"
"859",0.28,0.47,0.67,10.6,"bueno"
"860",0.56,0.22,0.82,11.2,"normal"
"861",0.62,0.06,0.54,9.5,"normal"
"862",1.01,0.66,0.6,11.5,"normal"
"863",0.42,0.32,0.44,10.4,"normal"
"864",0.62,0.06,0.53,9.7,"normal"
"865",0.62,0.06,0.54,9.5,"normal"
"866",0.635,0.07,0.54,9.7,"normal"
"867",0.49,0.22,0.83,11.3,"normal"
"868",0.51,0.23,0.84,11.2,"normal"
"869",0.56,0.22,0.82,11.2,"normal"
"870",0.63,0.03,0.64,10.9,"normal"
"871",0.715,0.01,0.57,11.8,"normal"
"872",0.56,0.03,0.57,10.6,"normal"
"873",0.35,0.24,0.54,10,"pobre"
"874",0.21,0.37,0.58,11.1,"bueno"
"875",0.38,0.46,0.65,11.8,"bueno"
"876",0.31,0.4,0.79,11.8,"bueno"
"877",0.47,0,0.58,10.9,"pobre"
"878",0.715,0.01,0.57,11.8,"normal"
"879",0.61,0.19,0.5,10,"normal"
"880",0.6,0.04,0.55,9.5,"normal"
"881",0.56,0.18,0.49,9.9,"normal"
"882",0.715,0,0.65,11.4,"normal"
"883",0.31,0.29,0.78,12,"normal"
"884",0.6,0.04,0.55,9.5,"normal"
"885",0.61,0.19,0.5,10,"normal"
"886",0.75,0.14,0.64,10.5,"normal"
"887",0.8,0.12,0.65,10.4,"normal"
"888",0.52,0.38,0.79,12.1,"bueno"
"889",0.57,0,0.56,11.2,"normal"
"890",0.9,0.34,0.68,9.3,"normal"
"891",0.34,0.24,0.58,10.1,"normal"
"892",0.66,0.03,0.57,9.7,"normal"
"893",0.45,0.23,0.65,9.3,"normal"
"894",0.66,0.03,0.57,9.7,"normal"
"895",0.63,0.03,0.58,9.8,"normal"
"896",0.59,0.01,0.58,10.7,"normal"
"897",0.31,0.39,0.77,12.5,"bueno"
"898",0.59,0.01,0.58,10.7,"normal"
"899",0.31,0.39,0.77,12.5,"bueno"
"900",1.02,0.02,0.49,11,"pobre"
"901",0.31,0.36,0.69,11.8,"normal"
"902",0.635,0.1,0.69,10.8,"bueno"
"903",0.635,0.1,0.69,10.8,"bueno"
"904",0.59,0.06,0.59,10.8,"bueno"
"905",0.59,0.06,0.59,10.8,"bueno"
"906",0.58,0.2,0.59,9.5,"normal"
"907",0.54,0.27,0.71,11,"normal"
"908",0.56,0,0.54,11.5,"normal"
"909",0.52,0.13,0.59,10.8,"normal"
"910",0.305,0.39,0.52,11.5,"normal"
"911",0.38,0.48,0.57,13.2,"normal"
"912",0.28,0.46,0.6,10.9,"normal"
"913",0.46,0.44,0.62,12.2,"normal"
"914",0.395,0.46,0.64,12.2,"bueno"
"915",0.305,0.39,0.52,11.5,"normal"
"916",0.315,0.4,0.67,11.9,"normal"
"917",0.715,0.19,0.61,11,"normal"
"918",0.41,0.31,0.64,10.1,"normal"
"919",0.36,0.32,0.72,11,"normal"
"920",0.62,0.12,0.89,11.8,"normal"
"921",0.41,0.37,0.56,10.5,"normal"
"922",0.36,0.32,0.72,11,"normal"
"923",0.62,0.12,0.89,11.8,"normal"
"924",0.41,0.31,0.64,10.1,"normal"
"925",0.47,0.27,0.8,11.2,"normal"
"926",0.22,0.36,0.87,11,"bueno"
"927",0.24,0.33,0.9,10.2,"normal"
"928",0.67,0.19,0.59,9.2,"pobre"
"929",0.47,0.27,0.8,11.2,"normal"
"930",0.33,0.38,0.73,12,"bueno"
"931",0.61,0.01,0.73,10.5,"normal"
"932",0.61,0.01,0.65,9.8,"normal"
"933",0.4,0.29,0.59,9.5,"normal"
"934",0.61,0.01,0.65,9.8,"normal"
"935",0.61,0.01,0.73,10.5,"normal"
"936",0.3,0.38,0.72,11.8,"normal"
"937",0.3,0.38,0.72,11.8,"normal"
"938",0.63,0.5,0.6,10.4,"pobre"
"939",0.38,0.38,0.72,12.9,"bueno"
"940",0.46,0.17,0.54,11.4,"normal"
"941",0.33,0.52,0.76,12.4,"bueno"
"942",0.27,0.49,0.52,12.5,"bueno"
"943",0.43,0.4,0.64,10,"bueno"
"944",0.5,0.34,0.6,9.7,"bueno"
"945",0.3,0.49,0.64,12.1,"bueno"
"946",0.44,0.42,0.79,11.1,"bueno"
"947",0.44,0.58,0.99,12,"bueno"
"948",0.28,0.48,0.62,12.4,"bueno"
"949",0.12,0.45,0.76,11.9,"bueno"
"950",0.12,0.45,0.76,11.9,"bueno"
"951",0.12,0.45,0.76,11.9,"bueno"
"952",0.28,0.48,0.62,12.4,"bueno"
"953",0.31,0.4,0.68,11.2,"bueno"
"954",0.34,0.48,0.69,12.1,"bueno"
"955",0.43,0.4,0.54,12.2,"normal"
"956",0.21,0.52,0.67,10.4,"normal"
"957",0.36,0.52,0.62,11.3,"normal"
"958",0.37,0.52,0.58,11.1,"normal"
"959",0.57,0.12,0.71,11.3,"bueno"
"960",0.59,0.05,0.61,10,"normal"
"961",0.47,0.27,0.85,11.1,"normal"
"962",0.56,0.14,0.62,9.3,"normal"
"963",0.57,0.02,0.69,9.5,"normal"
"964",0.27,0.39,0.69,11.2,"normal"
"965",0.47,0.27,0.85,11.1,"normal"
"966",0.34,0.4,0.86,11,"normal"
"967",0.38,0.41,0.58,11.9,"bueno"
"968",0.66,0.2,0.48,9.2,"normal"
"969",0.4,0.43,0.6,12.2,"normal"
"970",0.56,0.09,0.61,10.2,"normal"
"971",0.26,0.48,0.87,10.9,"normal"
"972",0.26,0.48,0.87,10.9,"normal"
"973",0.38,0.5,0.65,11.6,"bueno"
"974",0.34,0.44,0.63,10.7,"normal"
"975",0.33,0.41,0.62,12.1,"bueno"
"976",0.41,0.3,0.52,9.4,"normal"
"977",0.41,0.3,0.52,9.4,"normal"
"978",0.59,0.29,0.5,9.1,"normal"
"979",0.4,0.32,0.49,11.3,"bueno"
"980",0.45,0.49,0.63,10.4,"normal"
"981",0.5,0.3,0.71,10.5,"normal"
"982",0.86,0.26,0.62,10,"normal"
"983",0.52,0.32,0.82,12.9,"normal"
"984",0.5,0.3,0.71,10.5,"normal"
"985",0.45,0.49,0.63,10.4,"normal"
"986",0.58,0,0.58,11.3,"normal"
"987",0.34,0.39,0.55,11.4,"bueno"
"988",0.36,0.3,0.5,9.4,"normal"
"989",0.39,0.12,0.49,9.4,"normal"
"990",0.295,0.4,0.51,10.9,"normal"
"991",0.39,0.12,0.49,9.4,"normal"
"992",0.34,0.28,0.48,9.4,"normal"
"993",0.4,0.1,0.48,9.4,"normal"
"994",0.34,0.28,0.48,9.4,"normal"
"995",0.35,0.45,0.43,9.4,"normal"
"996",0.6,0.06,0.62,10.1,"normal"
"997",0.66,0,0.63,12.8,"bueno"
"998",0.66,0,0.63,12.8,"bueno"
"999",0.84,0.34,0.48,9.1,"normal"
"1000",0.69,0,0.53,12.9,"normal"
"1001",0.43,0.3,0.72,11.5,"bueno"
"1002",0.35,0.38,0.82,10.6,"bueno"
"1003",0.29,0.33,0.84,11.7,"bueno"
"1004",0.36,0.32,0.55,12.8,"bueno"
"1005",0.43,0.29,0.54,10.3,"normal"
"1006",0.36,0.32,0.55,12.8,"bueno"
"1007",0.29,0.33,0.84,11.7,"bueno"
"1008",0.3,0.34,0.84,11.7,"bueno"
"1009",0.35,0.4,0.7,12,"bueno"
"1010",0.5,0.36,0.68,10.9,"normal"
"1011",0.28,0.45,0.55,12.3,"bueno"
"1012",0.32,0.31,0.55,10.4,"normal"
"1013",1.005,0.15,0.48,10,"normal"
"1014",0.71,0,0.58,10,"normal"
"1015",0.58,0.16,0.58,11.2,"normal"
"1016",0.39,0.46,0.84,11.4,"normal"
"1017",0.38,0.4,0.75,12.6,"bueno"
"1018",0.18,0.37,0.44,12.7,"normal"
"1019",0.18,0.37,0.44,12.7,"normal"
"1020",0.5,0.14,0.61,10.4,"normal"
"1021",0.36,0.66,0.53,11.9,"normal"
"1022",0.36,0.66,0.53,11.9,"normal"
"1023",0.51,0.09,0.54,10.5,"normal"
"1024",0.32,0.42,0.55,12.3,"normal"
"1025",0.58,0.01,0.56,10.5,"bueno"
"1026",0.83,0,0.6,10.4,"normal"
"1027",0.31,0.32,0.56,12.6,"normal"
"1028",0.795,0,0.52,11.6,"normal"
"1029",0.34,0.21,0.54,10.1,"normal"
"1030",0.58,0.01,0.56,10.5,"bueno"
"1031",0.59,0,0.55,11.5,"bueno"
"1032",0.55,0.01,0.58,11,"bueno"
"1033",0.82,0,0.53,9.6,"normal"
"1034",0.57,0.08,0.59,10.4,"normal"
"1035",0.745,0.18,0.47,9.7,"normal"
"1036",0.37,0.34,0.65,10.6,"bueno"
"1037",0.31,0.34,0.59,12.5,"bueno"
"1038",0.91,0.1,0.56,9.2,"normal"
"1039",0.41,0.41,0.77,12.6,"bueno"
"1040",0.5,0.21,0.83,11.1,"normal"
"1041",0.965,0,0.67,10.2,"normal"
"1042",0.49,0.19,0.64,9.8,"normal"
"1043",0.5,0.21,0.83,11.1,"normal"
"1044",0.39,0.41,0.81,10.9,"bueno"
"1045",0.39,0.33,0.62,12.2,"normal"
"1046",0.44,0,0.58,11.4,"normal"
"1047",0.78,0,0.62,10.7,"normal"
"1048",0.43,0.17,0.64,10.4,"normal"
"1049",0.49,0.36,0.78,10.9,"normal"
"1050",0.5,0.36,0.77,10.8,"normal"
"1051",0.43,0.17,0.64,10.4,"normal"
"1052",0.46,0.59,1.34,9.2,"normal"
"1053",0.605,0.05,0.55,12.9,"normal"
"1054",0.33,0.42,0.77,12.7,"bueno"
"1055",0.64,0.27,0.62,9.1,"normal"
"1056",0.64,0.27,0.62,9.1,"normal"
"1057",0.48,0.53,0.59,12.1,"bueno"
"1058",0.42,0.25,0.57,9.1,"normal"
"1059",0.53,0.57,0.76,11.6,"bueno"
"1060",0.48,0.53,0.59,12.1,"bueno"
"1061",0.23,0.57,0.7,9.9,"normal"
"1062",0.4,0.5,0.69,12.5,"bueno"
"1063",0.38,0.44,0.64,11.4,"normal"
"1064",0.29,0.65,0.63,11.8,"normal"
"1065",0.74,0.09,0.57,11.8,"normal"
"1066",0.61,0.18,0.6,10.2,"normal"
"1067",0.52,0.08,0.72,12.5,"bueno"
"1068",0.31,0.53,0.83,10.9,"bueno"
"1069",0.31,0.53,0.83,10.9,"bueno"
"1070",0.62,0.35,0.62,10.8,"normal"
"1071",0.33,0.45,0.89,11.1,"bueno"
"1072",0.77,0.2,0.58,9.2,"normal"
"1073",0.35,0.26,0.58,9.5,"normal"
"1074",0.62,0.33,0.58,10.7,"normal"
"1075",0.77,0.2,0.58,9.2,"normal"
"1076",0.25,0.34,0.86,10.2,"bueno"
"1077",0.32,0.56,0.73,11.4,"normal"
"1078",0.37,0.65,0.58,11,"normal"
"1079",0.37,0.65,0.58,11,"normal"
"1080",0.3,0.68,0.51,12.3,"bueno"
"1081",0.27,0.56,0.51,11.8,"normal"
"1082",0.3,0.68,0.51,12.3,"bueno"
"1083",0.38,0.3,0.59,9.5,"normal"
"1084",0.42,0.45,0.77,12,"normal"
"1085",0.38,0.3,0.59,9.5,"normal"
"1086",0.48,0.08,0.49,9.6,"normal"
"1087",0.34,0.4,0.66,11.6,"bueno"
"1088",0.19,0.42,0.69,11.2,"normal"
"1089",0.41,0.54,0.76,9.9,"bueno"
"1090",0.41,0.54,0.76,9.9,"bueno"
"1091",0.26,0.54,0.63,11.8,"bueno"
"1092",0.34,0.42,0.6,11.4,"normal"
"1093",0.54,0.09,0.59,11.5,"normal"
"1094",0.31,0.36,0.86,12,"bueno"
"1095",0.725,0.09,0.49,10.8,"normal"
"1096",0.4,0.47,0.5,10.5,"normal"
"1097",0.725,0.09,0.49,10.8,"normal"
"1098",0.52,0.38,0.52,9.4,"normal"
"1099",0.31,0.45,0.81,12.5,"bueno"
"1100",0.52,0.38,0.52,9.4,"normal"
"1101",0.34,0.42,0.78,12.4,"normal"
"1102",0.49,0.27,0.63,12,"normal"
"1103",0.48,0.09,0.54,11.2,"normal"
"1104",0.49,0.27,0.63,12,"normal"
"1105",0.48,0.34,0.66,12.4,"normal"
"1106",0.57,0.28,0.6,12.8,"normal"
"1107",0.23,0.42,0.54,12.3,"normal"
"1108",0.3,0.41,0.85,11.7,"bueno"
"1109",0.78,0.1,0.49,9.5,"normal"
"1110",0.47,0.43,0.76,10.8,"normal"
"1111",0.53,0,0.64,10,"normal"
"1112",0.42,0.27,0.64,12.3,"bueno"
"1113",0.33,0.41,0.71,11,"normal"
"1114",0.24,0.39,0.59,9.5,"normal"
"1115",0.4,0.5,0.66,13.6,"normal"
"1116",0.69,0.07,0.6,11.3,"normal"
"1117",0.69,0.07,0.6,11.3,"normal"
"1118",0.69,0.07,0.6,11.3,"normal"
"1119",0.39,0.12,0.53,13.3,"normal"
"1120",0.66,0,0.58,12.9,"normal"
"1121",0.54,0.34,0.72,13.1,"bueno"
"1122",0.5,0,0.55,12.3,"normal"
"1123",0.47,0,0.48,12.3,"normal"
"1124",0.4,0.37,0.65,11.2,"normal"
"1125",0.58,0,0.62,11.5,"pobre"
"1126",0.24,0.35,0.59,11.3,"bueno"
"1127",0.29,0.26,0.54,13.5,"normal"
"1128",0.76,0,0.6,11.5,"normal"
"1129",0.43,0.33,0.68,10,"normal"
"1130",0.43,0.35,0.69,10.5,"normal"
"1131",0.6,0,0.63,10.4,"normal"
"1132",0.19,0.21,0.44,9.5,"normal"
"1133",0.36,0.34,0.88,13.6,"bueno"
"1134",0.48,0.07,0.68,11.2,"bueno"
"1135",0.28,0.35,0.74,11.8,"bueno"
"1136",0.25,0.43,0.6,11.9,"normal"
"1137",0.52,0.45,0.76,11.4,"normal"
"1138",0.52,0.45,0.76,11.4,"normal"
"1139",0.41,0.15,0.58,9.1,"normal"
"1140",0.51,0.24,0.64,9.5,"normal"
"1141",0.4,0.3,0.65,9.5,"normal"
"1142",0.38,0.32,0.85,11,"normal"
"1143",0.45,0.11,0.65,11.4,"normal"
"1144",0.22,0.3,0.82,10,"normal"
"1145",0.32,0.23,0.62,10.1,"normal"
"1146",0.2,0.43,0.81,10.4,"normal"
"1147",0.5,0.12,0.87,9.8,"normal"
"1148",0.41,0.45,0.49,11.8,"bueno"
"1149",0.39,0.42,0.66,11.6,"normal"
"1150",0.35,0.47,0.52,12,"normal"
"1151",0.33,0.32,0.76,12.8,"bueno"
"1152",0.58,0.23,0.65,12.5,"normal"
"1153",0.6,0.25,0.53,9.8,"normal"
"1154",0.42,0.35,0.66,11.1,"normal"
"1155",0.58,0,0.68,11.4,"normal"
"1156",0.6,0.25,0.53,9.8,"normal"
"1157",0.18,0.51,0.76,11.8,"bueno"
"1158",0.51,0.18,0.87,12.9,"bueno"
"1159",0.41,0.43,1.16,10.6,"normal"
"1160",0.41,0.43,0.67,10.8,"normal"
"1161",0.36,0.57,0.72,11.1,"bueno"
"1162",0.45,0.43,0.75,10.2,"normal"
"1163",0.32,0.42,0.71,11.8,"bueno"
"1164",0.785,0.24,0.67,10,"normal"
"1165",0.785,0.24,0.67,10,"normal"
"1166",0.44,0.5,1.1,9.4,"normal"
"1167",0.54,0.26,0.98,10.2,"normal"
"1168",0.33,0.39,0.88,12.4,"bueno"
"1169",0.34,0.27,0.56,12,"normal"
"1170",0.5,0.29,0.62,11.5,"normal"
"1171",0.36,0.34,0.67,10.5,"normal"
"1172",0.59,0,0.68,10.8,"normal"
"1173",0.42,0.46,0.74,12.3,"normal"
"1174",0.36,0.31,0.62,9.5,"normal"
"1175",0.36,0.31,0.62,9.5,"normal"
"1176",0.61,0,0.7,11.5,"normal"
"1177",0.88,0.03,0.5,11.2,"pobre"
"1178",0.66,0,0.66,12.7,"bueno"
"1179",0.915,0,0.73,11.4,"normal"
"1180",0.35,0.33,0.81,11,"normal"
"1181",0.35,0.33,0.81,11,"normal"
"1182",0.39,0.43,0.46,11.4,"normal"
"1183",0.4,0.4,0.86,10.5,"normal"
"1184",0.66,0.07,0.6,9.3,"normal"
"1185",0.64,0.23,0.7,10.9,"normal"
"1186",0.43,0.3,0.46,11.9,"normal"
"1187",0.8,0.03,0.5,12.2,"normal"
"1188",0.43,0.3,0.46,11.9,"normal"
"1189",0.64,0.23,0.7,10.9,"normal"
"1190",0.955,0.05,0.44,9.6,"pobre"
"1191",0.4,0.57,0.57,12.5,"normal"
"1192",0.885,0,0.51,10.8,"normal"
"1193",0.25,0.37,0.8,12.4,"bueno"
"1194",0.885,0,0.51,10.8,"normal"
"1195",0.745,0.12,0.59,9.5,"normal"
"1196",0.43,0.22,0.6,9.5,"normal"
"1197",0.58,0.23,0.58,9.5,"normal"
"1198",0.57,0.21,0.54,9.8,"normal"
"1199",0.26,0.26,0.79,10.9,"normal"
"1200",0.58,0.23,0.58,9.5,"normal"
"1201",0.57,0.21,0.54,9.8,"normal"
"1202",0.34,0.36,0.54,11.2,"bueno"
"1203",0.42,0.39,0.69,11.7,"bueno"
"1204",0.74,0.19,0.55,9.4,"normal"
"1205",0.36,0.46,0.85,11,"bueno"
"1206",0.36,0.46,0.85,11,"bueno"
"1207",0.36,0.46,0.85,11,"bueno"
"1208",0.72,0.55,0.94,10,"normal"
"1209",0.36,0.46,0.85,11,"bueno"
"1210",0.39,0.43,0.87,11.2,"bueno"
"1211",0.65,0.02,0.62,10.4,"normal"
"1212",0.44,0.15,0.62,9.3,"normal"
"1213",0.65,0.02,0.62,10.4,"normal"
"1214",0.38,0.42,0.75,10.5,"normal"
"1215",0.33,0.46,0.48,10.4,"normal"
"1216",0.27,0.46,0.56,11.3,"normal"
"1217",0.57,0.31,0.69,9.5,"normal"
"1218",0.34,0.37,0.81,12,"normal"
"1219",0.4,0.31,0.69,10.6,"normal"
"1220",0.39,0.4,0.83,10.9,"normal"
"1221",0.32,0.52,0.77,11.5,"normal"
"1222",0.32,0.52,0.77,11.5,"normal"
"1223",0.53,0.22,0.46,9.6,"normal"
"1224",0.36,0.47,0.76,12,"normal"
"1225",0.39,0.49,0.82,10.3,"normal"
"1226",0.46,0.23,0.51,9.4,"normal"
"1227",0.58,0.03,0.47,9.2,"normal"
"1228",0.58,0.25,0.72,9.6,"normal"
"1229",0.42,0,0.73,13.6,"bueno"
"1230",0.43,0.29,0.64,9.5,"normal"
"1231",0.18,0.34,0.78,11.8,"normal"
"1232",0.815,0.01,0.62,10.8,"normal"
"1233",0.43,0.29,0.64,9.5,"normal"
"1234",0.23,0.37,0.49,9.3,"pobre"
"1235",0.75,0.01,0.4,12.8,"normal"
"1236",0.33,0.32,0.56,11.5,"pobre"
"1237",0.55,0,0.64,9.4,"normal"
"1238",0.75,0.01,0.4,12.8,"normal"
"1239",0.73,0,0.46,9.6,"pobre"
"1240",0.67,0,0.56,11.8,"pobre"
"1241",0.61,0.2,0.4,9.3,"normal"
"1242",0.37,0.39,0.59,9.8,"normal"
"1243",0.4,0.41,0.6,12.2,"normal"
"1244",0.56,0.22,0.62,9.5,"normal"
"1245",0.29,0.25,0.54,10.3,"normal"
"1246",0.55,0.19,0.68,10.5,"normal"
"1247",0.74,0.07,0.48,10,"normal"
"1248",0.55,0.19,0.68,10.5,"normal"
"1249",0.41,0.33,0.75,11.1,"normal"
"1250",0.6,0.01,0.61,10.9,"normal"
"1251",0.6,0.01,0.61,10.9,"normal"
"1252",0.58,0.14,0.59,9.8,"normal"
"1253",0.72,0,0.58,9.8,"normal"
"1254",0.66,0,0.58,9.5,"normal"
"1255",0.7,0.06,0.69,10.9,"normal"
"1256",0.64,0.02,0.45,11,"normal"
"1257",0.59,0.22,0.42,9.2,"normal"
"1258",0.58,0.28,0.7,11,"normal"
"1259",0.64,0,0.63,11.3,"normal"
"1260",0.64,0,0.63,11.3,"normal"
"1261",0.635,0.68,1.15,9.3,"normal"
"1262",1.02,0,0.55,11.2,"pobre"
"1263",0.45,0.38,0.58,9.8,"normal"
"1264",0.78,0,0.46,9.6,"pobre"
"1265",0.37,0.32,0.72,11.8,"normal"
"1266",0.57,0.05,0.6,10.3,"normal"
"1267",0.57,0.05,0.6,10.3,"normal"
"1268",0.43,0.5,0.87,11.4,"normal"
"1269",0.41,0.31,0.55,9.5,"normal"
"1270",0.49,0.03,0.82,14,"bueno"
"1271",0.38,0.01,0.75,14,"normal"
"1272",0.44,0.2,0.57,11.7,"normal"
"1273",0.46,0,0.53,11.2,"normal"
"1274",0.58,0.2,0.43,9.3,"normal"
"1275",0.58,0.13,0.53,11.2,"normal"
"1276",0.715,0.22,0.54,9.5,"normal"
"1277",0.4,0.4,0.56,12,"pobre"
"1278",0.69,0,0.6,9.7,"normal"
"1279",0.715,0.22,0.54,9.5,"normal"
"1280",0.3,0.39,0.57,11.5,"bueno"
"1281",0.46,0.2,0.64,10.4,"normal"
"1282",0.46,0.2,0.64,10.4,"normal"
"1283",0.765,0,0.68,10.9,"normal"
"1284",0.63,0.28,0.63,10.2,"normal"
"1285",0.42,0.19,0.56,10.9,"normal"
"1286",0.37,0.5,0.57,10.5,"normal"
"1287",0.16,0.44,0.54,12.4,"normal"
"1288",0.6,0.08,0.37,13,"normal"
"1289",0.6,0.3,1.17,10.2,"normal"
"1290",0.6,0.3,1.17,10.2,"normal"
"1291",0.74,0,0.59,11,"normal"
"1292",0.635,0.1,0.75,10.9,"normal"
"1293",0.395,0.13,0.67,12.4,"normal"
"1294",0.755,0,0.49,9.7,"pobre"
"1295",0.635,0.1,0.75,10.9,"normal"
"1296",0.63,0,0.45,9.5,"normal"
"1297",0.63,0,0.45,9.5,"normal"
"1298",0.53,0.14,0.61,12.1,"normal"
"1299",0.6,0,0.56,12.2,"normal"
"1300",1.58,0,0.4,10.9,"pobre"
"1301",0.645,0,0.61,12.5,"normal"
"1302",0.86,0.07,0.74,11.7,"normal"
"1303",0.37,0.32,0.8,11.2,"normal"
"1304",0.28,0.44,0.66,11.2,"normal"
"1305",0.79,0.21,0.44,9.2,"normal"
"1306",0.61,0.26,0.53,9.8,"normal"
"1307",0.69,0.32,0.62,10.1,"normal"
"1308",0.68,0.09,0.52,11.1,"pobre"
"1309",0.69,0.32,0.62,10.1,"normal"
"1310",0.62,0.1,0.61,9.2,"normal"
"1311",0.61,0.26,0.53,9.8,"normal"
"1312",0.51,0.15,0.59,12.8,"normal"
"1313",1.18,0.21,0.47,10.5,"normal"
"1314",0.36,0.21,0.54,10.1,"normal"
"1315",0.36,0.21,0.53,10.1,"normal"
"1316",0.63,0.27,0.58,9.8,"normal"
"1317",0.74,0,0.59,12.5,"normal"
"1318",0.44,0.46,0.69,11.9,"normal"
"1319",0.63,0.27,0.58,9.8,"normal"
"1320",0.76,0.68,1.33,9.1,"normal"
"1321",0.66,0.34,0.66,10.1,"normal"
"1322",0.74,0,0.59,12.5,"normal"
"1323",0.34,0.42,0.55,11.4,"normal"
"1324",0.36,0.39,0.82,11,"bueno"
"1325",0.46,0.24,0.6,10.6,"normal"
"1326",0.46,0.24,0.6,10.6,"normal"
"1327",0.46,0.24,0.6,10.6,"normal"
"1328",0.46,0.24,0.6,10.6,"normal"
"1329",0.52,0.11,0.52,9.3,"normal"
"1330",0.6,0.26,0.56,9.8,"normal"
"1331",0.6,0.26,0.56,9.8,"normal"
"1332",0.87,0.26,0.46,9.2,"normal"
"1333",0.39,0.1,0.43,9.7,"normal"
"1334",0.775,0.22,0.51,9.6,"normal"
"1335",0.835,0,0.52,10,"normal"
"1336",0.58,0.02,0.66,12.6,"normal"
"1337",0.5,0,0.45,9.5,"normal"
"1338",0.5,0,0.45,9.5,"normal"
"1339",0.5,0,0.45,9.5,"normal"
"1340",0.51,0.02,0.54,10.5,"normal"
"1341",0.51,0.02,0.54,10.5,"normal"
"1342",0.51,0.02,0.54,10.5,"normal"
"1343",0.54,0.02,0.51,10.4,"normal"
"1344",0.51,0.02,0.54,10.5,"normal"
"1345",0.42,0.48,0.53,11,"normal"
"1346",0.44,0.24,0.53,10.2,"normal"
"1347",0.59,0.01,0.56,11.4,"normal"
"1348",0.655,0.03,0.39,9.5,"normal"
"1349",0.655,0.03,0.39,9.5,"normal"
"1350",0.57,0,0.52,10.8,"normal"
"1351",0.6,0.29,0.57,10,"normal"
"1352",0.62,0.01,0.51,11.8,"normal"
"1353",0.645,0.03,0.46,10.3,"normal"
"1354",0.645,0.03,0.46,10.3,"normal"
"1355",0.58,0.03,0.52,10,"normal"
"1356",0.32,0.25,0.44,10.1,"normal"
"1357",0.34,0.25,0.44,10.1,"normal"
"1358",0.43,0.24,0.59,11.1,"normal"
"1359",0.64,0.17,0.5,9.5,"normal"
"1360",0.475,0.4,0.65,10.0333333333333,"normal"
"1361",0.54,0.31,0.56,10.9,"normal"
"1362",0.85,0.14,0.54,10.1,"normal"
"1363",0.475,0.4,0.65,10.0333333333333,"normal"
"1364",0.83,0.27,0.48,9.8,"pobre"
"1365",0.605,0.02,0.53,11.8,"normal"
"1366",0.5,0.09,0.62,9.5,"normal"
"1367",0.74,0.08,0.5,9.8,"normal"
"1368",0.54,0.3,1.18,10.5,"normal"
"1369",0.77,0.32,0.5,9.8,"normal"
"1370",0.61,0,0.37,10.4,"pobre"
"1371",0.78,0.51,1.17,9.2,"normal"
"1372",0.58,0.56,1.03,11.6,"normal"
"1373",0.78,0.51,1.17,9.2,"normal"
"1374",0.75,0.27,0.45,9.3,"normal"
"1375",0.815,0,0.51,9.8,"pobre"
"1376",0.56,0.26,0.52,9.9,"normal"
"1377",0.885,0.2,0.46,10,"normal"
"1378",0.49,0.26,0.62,12.2,"normal"
"1379",0.45,0.15,0.51,9.9,"normal"
"1380",0.57,0.02,0.62,10.8,"normal"
"1381",0.57,0.02,0.62,10.8,"normal"
"1382",0.83,0.09,0.45,9.6,"normal"
"1383",0.6,0.22,0.49,9.9,"normal"
"1384",0.6,0.22,0.49,9.9,"normal"
"1385",0.755,0.15,0.5,9.5,"normal"
"1386",0.81,0.25,0.42,9.2,"normal"
"1387",0.64,0.07,0.58,9.6,"normal"
"1388",0.64,0.07,0.58,9.6,"normal"
"1389",0.64,0.31,0.68,10.3,"normal"
"1390",0.48,0.02,0.53,9.7,"normal"
"1391",0.49,0,0.59,12.5,"normal"
"1392",0.64,0.22,0.58,11,"normal"
"1393",0.62,0.06,0.48,9.8,"normal"
"1394",0.52,0.25,0.48,10.2,"normal"
"1395",0.57,0.14,0.48,9.2,"normal"
"1396",0.685,0.1,0.65,9.55,"normal"
"1397",0.675,0.1,0.65,9.55,"normal"
"1398",0.59,0.26,0.52,9.9,"normal"
"1399",0.6,0.12,0.62,10.2,"bueno"
"1400",0.67,0,0.72,11.1,"normal"
"1401",0.69,0.21,0.51,9.9,"normal"
"1402",0.69,0.21,0.51,9.9,"normal"
"1403",0.3,0.42,0.82,11.9,"normal"
"1404",0.33,0.33,1.1,10,"bueno"
"1405",0.5,0.39,0.62,10.7,"normal"
"1406",0.28,0.3,0.9,11.3,"bueno"
"1407",0.24,0.34,0.94,10.9,"normal"
"1408",0.51,0,0.93,10.7,"normal"
"1409",0.29,0.36,1.01,12.4,"bueno"
"1410",0.51,0,0.93,10.7,"normal"
"1411",0.96,0,0.44,11.9,"normal"
"1412",0.47,0.4,0.73,10.6,"normal"
"1413",0.24,0.34,0.94,10.9,"normal"
"1414",0.57,0.25,0.9,10.1,"normal"
"1415",0.32,0.59,0.78,9.6,"normal"
"1416",0.58,0,0.84,9.4,"normal"
"1417",0.32,0.59,0.78,9.6,"normal"
"1418",0.34,0.33,0.77,12.1,"bueno"
"1419",0.53,0.01,0.46,9.8,"normal"
"1420",0.64,0.21,0.45,9.9,"normal"
"1421",0.53,0.01,0.46,9.8,"normal"
"1422",0.4,0.18,0.58,9.4,"normal"
"1423",0.54,0,0.84,11.4,"normal"
"1424",0.53,0.09,0.67,11,"pobre"
"1425",0.26,0.37,0.7,9.6,"normal"
"1426",0.26,0.37,0.7,9.6,"normal"
"1427",0.23,0.37,0.71,12.1,"normal"
"1428",0.41,0.33,0.58,11.2,"normal"
"1429",0.64,0,0.63,11,"normal"
"1430",0.18,0.4,0.93,11.3,"normal"
"1431",0.41,0.24,0.62,10.4,"normal"
"1432",0.43,0.31,0.54,9.9,"normal"
"1433",0.44,0,0.85,11.7,"normal"
"1434",0.4,0.16,0.74,10.1,"bueno"
"1435",0.54,0.37,0.77,9,"normal"
"1436",0.54,0.37,0.77,9,"normal"
"1437",0.38,0.38,0.65,8.5,"normal"
"1438",0.915,0.29,0.54,11.1,"normal"
"1439",0.59,0,0.47,10.3,"normal"
"1440",0.67,0.02,0.68,11.0666666666667,"normal"
"1441",0.37,0.32,0.73,11.3,"bueno"
"1442",0.785,0.19,0.52,9.56666666666667,"normal"
"1443",0.63,0.02,0.75,9.8,"normal"
"1444",0.58,0.2,0.49,11.7,"normal"
"1445",0.67,0.02,0.68,11.1,"normal"
"1446",0.785,0.19,0.52,9.6,"normal"
"1447",0.63,0.02,0.75,9.8,"normal"
"1448",0.67,0,0.74,9.7,"normal"
"1449",0.58,0.01,0.73,9.7,"normal"
"1450",0.38,0.31,0.76,11.3,"bueno"
"1451",0.37,0.32,0.73,11.3,"bueno"
"1452",0.32,0.44,0.78,11,"bueno"
"1453",0.58,0.02,0.76,11.6,"bueno"
"1454",0.49,0.33,0.58,9,"normal"
"1455",0.45,0.63,0.69,10.9,"normal"
"1456",0.9,0,0.63,10.9,"normal"
"1457",0.54,0.06,0.5,10.55,"normal"
"1458",0.49,0.33,0.58,9,"normal"
"1459",0.29,0.4,0.6,10.5,"normal"
"1460",0.2,0.35,0.8,11.9,"bueno"
"1461",0.42,0.09,0.68,10.4,"normal"
"1462",0.785,0,0.61,10,"pobre"
"1463",0.64,0.03,0.58,10.4,"normal"
"1464",0.63,0.01,0.53,10.8,"normal"
"1465",0.59,0.1,0.67,9.7,"normal"
"1466",0.59,0.1,0.67,9.7,"normal"
"1467",0.48,0.32,0.65,10,"bueno"
"1468",1.04,0.08,0.57,11,"pobre"
"1469",0.48,0.32,0.65,10,"bueno"
"1470",0.98,0.05,0.55,9.7,"pobre"
"1471",0.69,0.11,0.47,9.7,"normal"
"1472",0.7,0.08,0.52,12.6,"normal"
"1473",0.35,0.6,0.79,11.1,"normal"
"1474",0.6,0.08,0.54,11,"normal"
"1475",0.5,0.5,0.75,8.8,"normal"
"1476",0.47,0.11,0.88,13.5666666666667,"bueno"
"1477",0.5,0.5,0.75,8.8,"normal"
"1478",0.47,0.11,0.88,13.6,"bueno"
"1479",0.875,0.05,0.52,10.2,"pobre"
"1480",0.28,0.6,0.68,10.6,"normal"
"1481",0.62,0.03,0.62,10.1,"pobre"
"1482",0.28,0.6,0.68,10.6,"normal"
"1483",0.58,0.54,0.57,10.3,"pobre"
"1484",0.33,0.44,0.61,10.7,"normal"
"1485",0.91,0.06,0.64,10.9,"pobre"
"1486",0.655,0.16,0.55,9.7,"normal"
"1487",0.68,0.21,0.6,10.3,"normal"
"1488",0.64,0.05,0.78,10.6,"normal"
"1489",0.54,0.04,0.58,11.4,"normal"
"1490",0.57,0.1,0.76,10.8,"normal"
"1491",0.22,0.49,0.56,12.4,"normal"
"1492",0.54,0.04,0.58,11.4,"normal"
"1493",0.65,0.06,0.54,11.95,"normal"
"1494",0.54,0.26,0.59,9.7,"normal"
"1495",0.31,0.09,0.7,10,"bueno"
"1496",0.43,0.02,0.81,10.6,"normal"
"1497",0.54,0.26,0.59,9.7,"normal"
"1498",0.74,0.03,0.63,11.5,"normal"
"1499",0.895,0.04,0.58,10.8,"normal"
"1500",0.74,0.03,0.63,11.5,"normal"
"1501",0.725,0.04,0.53,9.6,"normal"
"1502",0.82,0.29,0.53,9.4,"normal"
"1503",0.585,0.18,0.54,9.8,"normal"
"1504",0.44,0.39,0.69,11,"normal"
"1505",0.38,0.57,0.55,11.4,"normal"
"1506",0.76,0.02,0.63,9.95,"pobre"
"1507",0.81,0.05,0.66,10.8,"normal"
"1508",0.38,0.57,0.55,11.4,"normal"
"1509",0.27,0.6,0.72,10.6,"normal"
"1510",0.18,0.4,0.7,11.1,"normal"
"1511",0.36,0.21,0.77,9.7,"normal"
"1512",0.69,0.04,0.67,9.8,"normal"
"1513",0.79,0.04,0.65,10.4,"normal"
"1514",0.56,0.15,0.6,10.5,"normal"
"1515",0.84,0.21,0.72,9.23333333333333,"normal"
"1516",0.84,0.21,0.72,9.25,"normal"
"1517",0.32,0.25,0.97,10.6,"normal"
"1518",0.53,0.06,0.83,10.3,"normal"
"1519",0.47,0.46,0.63,10.5,"normal"
"1520",0.7,0.08,0.58,10.2,"normal"
"1521",0.53,0.06,0.83,10.3,"normal"
"1522",0.48,0.2,0.43,9.05,"pobre"
"1523",0.32,0.25,0.97,10.6,"normal"
"1524",0.48,0.25,0.6,10.4,"normal"
"1525",0.42,0.19,0.78,10,"normal"
"1526",0.48,0.08,0.64,9.7,"normal"
"1527",0.47,0.08,0.65,9.6,"normal"
"1528",0.53,0.07,0.66,10.8,"normal"
"1529",0.29,0.49,0.67,10.1,"normal"
"1530",0.69,0.08,0.6,10.2,"normal"
"1531",0.44,0.09,0.69,11.3,"normal"
"1532",0.705,0.1,0.66,10.2,"normal"
"1533",0.53,0.13,0.68,9.9,"normal"
"1534",0.39,0.3,0.61,9,"normal"
"1535",0.56,0.14,0.62,11.7,"bueno"
"1536",0.55,0.13,0.59,9.7,"normal"
"1537",0.53,0.08,0.68,10.3,"normal"
"1538",0.58,0.08,0.64,10.2,"normal"
"1539",0.64,0.09,0.63,12,"normal"
"1540",0.39,0.32,0.78,9.9,"normal"
"1541",0.52,0.08,0.63,11.6,"normal"
"1542",0.25,0.29,0.76,10.9,"bueno"
"1543",0.855,0.02,0.56,10.75,"normal"
"1544",0.44,0.42,0.57,10.4,"normal"
"1545",0.37,0.43,0.81,11.2,"bueno"
"1546",0.63,0.33,0.64,10.1,"normal"
"1547",0.57,0.02,0.61,10.2,"normal"
"1548",0.6,0.1,0.51,12.1,"normal"
"1549",0.4,0.5,0.58,10.4,"normal"
"1550",0.36,0.3,0.7,11.4,"bueno"
"1551",0.68,0,0.53,9.5,"normal"
"1552",0.67,0,0.54,9.4,"normal"
"1553",0.68,0.01,0.66,11.3,"normal"
"1554",0.735,0,0.6,9.4,"normal"
"1555",0.855,0.02,0.6,11,"normal"
"1556",0.56,0.17,0.68,10.55,"bueno"
"1557",0.88,0.04,0.56,9.9,"normal"
"1558",0.855,0.02,0.6,11,"normal"
"1559",0.63,0.33,0.56,9.5,"normal"
"1560",0.6,0.26,0.52,9.9,"normal"
"1561",0.6,0.26,0.52,9.9,"normal"
"1562",0.6,0.26,0.52,9.9,"normal"
"1563",0.695,0.13,0.54,10.1,"normal"
"1564",0.695,0.13,0.54,10.1,"normal"
"1565",0.695,0.13,0.54,10.1,"normal"
"1566",0.67,0.02,0.82,10.9,"normal"
"1567",0.16,0.64,0.71,11.2,"normal"
"1568",0.695,0.13,0.54,10.1,"normal"
"1569",0.56,0.13,0.59,9.2,"normal"
"1570",0.51,0.14,0.57,11.5,"normal"
"1571",0.36,0.53,0.93,12.4,"normal"
"1572",0.38,0.14,0.65,11.1,"normal"
"1573",0.69,0.32,0.51,9.5,"normal"
"1574",0.58,0.2,0.67,12.5,"normal"
"1575",0.31,0.78,0.48,10.5,"normal"
"1576",0.52,0.4,0.64,11.8,"normal"
"1577",0.3,0.63,0.78,10.8,"normal"
"1578",0.7,0.15,0.6,11.9,"normal"
"1579",0.67,0.15,0.67,11.3,"normal"
"1580",0.56,0.09,0.6,11.3,"normal"
"1581",0.35,0.33,0.6,11.9,"normal"
"1582",0.56,0.09,0.6,11.3,"normal"
"1583",0.715,0.1,0.5,11.9,"normal"
"1584",0.46,0.29,0.62,9.8,"normal"
"1585",0.32,0.44,0.8,11.6,"bueno"
"1586",0.39,0.44,0.84,11.5,"normal"
"1587",0.31,0.41,0.85,11.4,"normal"
"1588",0.61,0.11,0.66,10.9,"normal"
"1589",0.66,0.33,0.78,12.8,"normal"
"1590",0.725,0.2,0.54,9.2,"normal"
"1591",0.55,0.15,0.82,11.6,"normal"
"1592",0.74,0.09,0.56,11.6,"normal"
"1593",0.51,0.13,0.75,11,"normal"
"1594",0.62,0.08,0.82,9.5,"normal"
"1595",0.6,0.08,0.58,10.5,"normal"
"1596",0.55,0.1,0.76,11.2,"normal"
"1597",0.51,0.13,0.75,11,"normal"
"1598",0.645,0.12,0.71,10.2,"normal"
"1599",0.31,0.47,0.66,11,"normal"
